id;label;description;url;date_created;last_update
1;ethical;bonfire;https://mature-knickers.name;2024-10-10T00:20:24;2024-10-09T05:18:35
2;redound coolly;around;https://probable-petal.info/;2024-10-10T00:52:52;2024-10-09T15:16:09
3;enfold;outside chasuble stiffen;https://sore-stall.info;2024-10-09T05:01:21;2024-10-09T11:13:44
4;flickering;ick unlike;https://far-nougat.org;2024-10-09T13:55:27;2024-10-09T18:19:01
5;below mid attend;up;https://warlike-flat.net;2024-10-09T07:50:05;2024-10-09T13:07:44
6;except unsung remorseful;nor embarrassment lest;https://exhausted-tool.org;2024-10-09T10:05:05;2024-10-09T22:36:26
7;politely whoa restfully;truthfully every;https://caring-tray.biz;2024-10-09T21:41:29;2024-10-09T17:45:39
8;yum woot;black;https://antique-lady.info;2024-10-10T02:39:58;2024-10-09T04:37:39
9;ape upon via;blah guilt home;https://gigantic-priesthood.info;2024-10-09T04:53:28;2024-10-09T12:25:30
10;ouch;whereas;https://exotic-skeleton.net/;2024-10-09T21:42:14;2024-10-09T18:15:28
