id;label;description;default_config;url;params_json;headers_json;date_created;last_updated
1;where;mockingly astride outside;false;https://eminent-pleasure.net/;../fake-data/blob/hipster.txt;../fake-data/blob/hipster.txt;2024-10-09T05:43:34;2024-10-10T00:16:33
2;key reward;amid rundown frantically;true;https://informal-hawk.org/;../fake-data/blob/hipster.txt;../fake-data/blob/hipster.txt;2024-10-09T08:15:29;2024-10-10T02:00:00
3;since boohoo near;huzzah eek;true;https://superior-quart.com/;../fake-data/blob/hipster.txt;../fake-data/blob/hipster.txt;2024-10-09T11:52:59;2024-10-09T17:30:16
4;since;mmm exactly inculcate;false;https://new-pine.com/;../fake-data/blob/hipster.txt;../fake-data/blob/hipster.txt;2024-10-09T23:10:00;2024-10-09T10:48:25
5;kiddingly grass;electronics direct fowl;true;https://neighboring-grouper.name;../fake-data/blob/hipster.txt;../fake-data/blob/hipster.txt;2024-10-09T23:57:34;2024-10-09T07:52:31
6;obligation and;and positively off;false;https://careless-presume.net;../fake-data/blob/hipster.txt;../fake-data/blob/hipster.txt;2024-10-09T08:03:14;2024-10-10T01:00:45
7;aw snarling;warming;true;https://lively-rule.biz/;../fake-data/blob/hipster.txt;../fake-data/blob/hipster.txt;2024-10-09T09:29:17;2024-10-09T05:06:10
8;measly woot;outside noteworthy broadly;false;https://smug-knight.name;../fake-data/blob/hipster.txt;../fake-data/blob/hipster.txt;2024-10-09T05:25:06;2024-10-10T02:38:51
9;alert;intermesh aboard supposing;true;https://focused-quinoa.org;../fake-data/blob/hipster.txt;../fake-data/blob/hipster.txt;2024-10-09T13:41:31;2024-10-09T15:38:25
10;nautical inborn empty;meanwhile athwart;false;https://definite-plugin.biz;../fake-data/blob/hipster.txt;../fake-data/blob/hipster.txt;2024-10-09T13:34:21;2024-10-10T00:19:42
