id;query;additional_params;date_created;last_updated
1;insignificant yet overtrain;../fake-data/blob/hipster.txt;2024-10-09T20:49:25;2024-10-09T15:17:35
2;at among;../fake-data/blob/hipster.txt;2024-10-09T20:39:22;2024-10-10T02:43:57
3;nucleotidase yippee;../fake-data/blob/hipster.txt;2024-10-09T16:01:14;2024-10-09T08:13:25
4;beautifully gigantic forgery;../fake-data/blob/hipster.txt;2024-10-10T03:22:08;2024-10-09T09:55:37
5;till lender;../fake-data/blob/hipster.txt;2024-10-10T01:47:12;2024-10-09T18:55:10
6;hence aw which;../fake-data/blob/hipster.txt;2024-10-09T11:06:14;2024-10-09T13:57:50
7;loudly whenever;../fake-data/blob/hipster.txt;2024-10-09T14:16:02;2024-10-09T06:24:02
8;uh-huh;../fake-data/blob/hipster.txt;2024-10-09T05:25:38;2024-10-10T01:05:26
9;amid swine evince;../fake-data/blob/hipster.txt;2024-10-10T00:49:50;2024-10-09T16:01:20
10;because potentially;../fake-data/blob/hipster.txt;2024-10-09T15:53:09;2024-10-09T05:12:16
