id;query;type;response_body;status_code;date_created;last_updated
1;selfishly;judicious;../fake-data/blob/hipster.txt;6723;2024-10-09T10:22:38;2024-10-09T22:01:06
2;mechanic but pike;major ill gasp;../fake-data/blob/hipster.txt;19456;2024-10-09T14:05:32;2024-10-09T16:34:42
3;ah breastplate negotiation;informal;../fake-data/blob/hipster.txt;445;2024-10-09T12:50:54;2024-10-09T18:42:39
4;concerning;coin self-confidence weight;../fake-data/blob/hipster.txt;5696;2024-10-10T00:56:12;2024-10-09T20:05:38
5;fraternise;self-assured filthy;../fake-data/blob/hipster.txt;31176;2024-10-10T02:47:23;2024-10-10T04:13:47
6;wobbly whereas;construe cavernous inspect;../fake-data/blob/hipster.txt;19603;2024-10-09T12:19:47;2024-10-09T07:35:34
7;aside beyond;christen swift;../fake-data/blob/hipster.txt;2124;2024-10-09T23:12:07;2024-10-09T14:21:23
8;hmph;lest tasty;../fake-data/blob/hipster.txt;15267;2024-10-09T20:24:45;2024-10-10T00:05:03
9;though;tight lack;../fake-data/blob/hipster.txt;26911;2024-10-09T19:25:13;2024-10-09T16:26:54
10;screw seldom;beyond after;../fake-data/blob/hipster.txt;32046;2024-10-09T10:11:19;2024-10-09T14:57:34
