id;label;description;default_topic;level;date_created;last_updated
1;what;event;false;8694;2024-10-09T09:12:26;2024-10-09T20:01:46
2;sour;opposite staid;true;10413;2024-10-09T11:30:55;2024-10-09T15:48:17
3;representation mechanically;toward;false;21095;2024-10-09T21:57:33;2024-10-10T03:47:22
4;narrow beside;scented;true;13809;2024-10-09T05:38:51;2024-10-09T04:33:27
5;softly truly minus;frightfully extremely insidious;false;3034;2024-10-09T14:07:30;2024-10-09T17:45:22
6;ugh kick;within;true;12350;2024-10-09T17:27:20;2024-10-09T22:47:04
7;foolish flight;when;false;19684;2024-10-10T01:16:59;2024-10-09T12:38:58
8;athletic;thongs;false;11159;2024-10-09T10:50:35;2024-10-09T18:22:36
9;curiously reprove gosh;wetly blossom;false;20638;2024-10-09T18:54:28;2024-10-09T16:31:30
10;accidentally excluding;since delectable swathe;true;30562;2024-10-09T07:29:12;2024-10-09T23:47:13
